"","Dim.1","Dim.2","Dim.3"
"1",-0.945660461295519,-0.780233783675659,-0.33921079673823
"2",0.272446474204088,-0.306523486249309,-0.17170525998938
"3",-0.797773176527087,-0.898722799959496,-0.107548911536674
"4",-0.372734991535993,-0.348900612143711,-0.479216203463767
"5",0.476637653703774,-0.113031485927475,-0.395010797540365
"6",-0.231397631705344,-0.844579905243295,0.181683835223997
"7",0.426243539611359,-0.299329407021788,-0.144849624225711
"8",-0.593839862123595,-0.801941234236018,-0.110990345619207
"9",0.19492447737065,-0.479620516056262,-0.140464795801474
"10",1.05308992598019,0.277864250549426,-0.513237723102096
"11",-0.162343114883154,-0.485853512482705,-0.227751290764468
"12",1.30674543243781,-0.213926861604222,0.23010044365177
"13",-0.088301364944688,-0.212130219614668,-0.45643395615564
"14",0.108468079000672,-0.581720550238639,0.072730463384882
"15",-0.164700754732882,-0.675184293162677,0.00865849260354888
"16",1.38251969557053,0.0199591170188488,-0.421167221461943
"17",1.48585428180588,0.0620534513418133,0.0630699446206568
"18",-0.353715228859996,-0.734072853368901,-0.0580932476630337
"19",0.343311441292084,-0.112371134406563,-0.529566046946242
"20",-0.253267360519769,-0.766425765615468,0.0551919474818483
"21",-0.0759478321375268,-0.697088770575625,0.049116820494619
"22",-0.117044380407122,-0.336256751138179,-0.394609889475304
"23",-0.215413673771619,-0.338754809239053,-0.398052520223928
"24",1.52335762136597,0.0596271900038478,0.0140204562409926
"25",0.185107675556975,-0.0972557718158743,-0.380130957145222
"26",0.688059981644035,-0.46229833437824,0.22710759004486
"27",-0.239903911982031,-0.728708477282167,0.0715387486483781
"28",0.181647094603901,-0.7023596586056,0.248649820429555
"29",0.864448183358579,-0.277439104541725,-0.00688749396407743
"30",0.730982211933771,0.0322877397757835,-0.824718964927818
"31",0.452274087568147,-0.715976755831039,0.41837939203573
"32",0.429417192944532,-0.359557699149681,-0.0857712372894906
"33",-0.736871124468181,-0.870237824996893,-0.0252814283223874
"34",-0.57534102600114,-0.664502034508897,-0.182509629094519
"35",0.48675690078377,-0.505151395556764,0.194425307457248
"36",-0.430508537955341,-0.749467310614999,-0.0739562615639386
"37",0.790847824061471,0.415363566363257,-0.657632961008979
"38",-0.736173171933689,-0.909773630487009,0.00941341109336166
"39",-0.128110078118611,-0.418161214390615,-0.274114047507997
"40",0.733045120366366,-0.251914196074761,0.0412253788474857
"41",-0.299530888542752,-0.382154486844288,-0.353916573787244
"42",0.644875351942204,-0.236154336570086,-0.656113092684254
"43",-0.59256390580831,-0.847609118775982,0.0283411129769792
"44",-0.879946882201677,-1.28577142703498,0.348343935674518
"45",0.979618896550873,-0.542768516735235,0.517162819525195
"46",0.188411486650052,-0.487993336005577,-0.0089779302417429
"47",0.761556048314482,-0.0035026332288965,-0.261773575351986
"48",-0.252589900452351,-0.55230729097998,-0.135708045897725
"49",0.792309248750843,-0.220086492399776,-0.0102457142821001
"50",-0.0250379178027442,-0.0916286287521327,-0.539633102254753
"51",0.278821911187491,0.13244014988933,-0.587735765018558
"52",-0.514134730222408,-0.423731127994779,-0.413167433527249
"53",0.0863510665727816,-0.557142358570357,-0.0392512573228767
"54",-0.618705283002434,-0.970285530731145,0.131553119308902
"55",0.416324092392163,-0.455764304760711,0.0208983337223015
"56",-0.294440967790093,-0.967493013950946,0.283438432927102
"57",-0.540071711157284,-0.726624906310248,-0.0203407854467323
"58",0.192208296750958,-0.285957829861439,-0.299921626778575
"59",0.555788042507642,-0.340333680141044,-0.302027001273193
"60",-0.493181884156382,-0.960598452089572,0.160600153582689
"61",-1.54521730126601,-1.25693017989447,-0.0379567150835849
"62",-1.50558564760505,-1.34122540140624,0.0498069052577367
"63",1.60408239796366,-0.0310399099638522,-0.545476063724577
"64",2.22807779868195,-0.510716007190375,1.01786769322416
"65",0.841809685722642,-0.602106372401146,0.494651492796204
"66",1.19760634393507,-0.629340224132166,0.524015818155082
"67",0.990653148375592,-0.540280637660584,0.506519889180533
"68",1.23825155623408,-0.377328791307695,0.493410102266777
"69",1.59042693903354,-0.202611373961201,0.344281012362862
"70",0.334759502129858,-0.0843376054481895,-0.613007649627188
"71",1.25402436858604,-0.467812641026832,0.508242383778331
"72",-0.00797278689577034,-0.654013677901579,0.0688040485392944
"73",-0.203415605077905,-0.485497023333653,-0.191350667336637
"74",0.0860782216145834,-0.630951131941288,0.118747315787445
"75",-0.339275389465088,-0.693925584901367,-0.104831221236241
"76",-0.511640587090953,-0.834367465384536,0.0185687614925263
"77",0.246474030064593,0.0916756168347189,-0.693855935047196
"78",0.00736563867541118,-0.912212151417577,0.394313245669831
"79",-1.47061636645535,-1.34028216365175,0.0632733600122194
"80",0.0550086947617542,-0.112709274566707,-0.631843944060632
"81",-0.959504836959697,-0.791770120556343,-0.244212123631675
"82",1.04508922345544,-0.200878424873998,0.0982191220954009
"83",-1.00984861734853,-0.952720217989261,-0.21220946723732
"84",-0.363932964336377,-0.946832666200217,0.136632372303637
"85",0.245449752742103,-0.58205774180173,0.022041600323354
"86",0.48371477404579,-0.451653059168656,0.0366620320835501
"87",-0.719498898622552,-0.903223954517889,-0.143407008173737
"88",-0.839447505737308,-0.881534973216537,-0.242450463007269
"89",-1.28623009982561,-1.08227124573877,-0.183971482186304
"90",0.655943553767439,-0.0641464976619706,-0.433027906215442
"91",-0.438817296510938,-0.980275930881478,0.149271263907456
"92",1.43285901330549,0.0381927147591354,-0.0905495435720263
"93",-0.283153171103783,-0.714328202015128,-0.0956822529461536
"94",-0.755553139955635,-0.855499796002449,-0.219780388198645
"95",0.293639553447298,-0.247328358805031,-0.620785936735201
"96",-0.215141660802911,-0.553133626756817,-0.333296156454139
"97",0.97684940534111,-0.12538615251317,-0.405693196791657
"98",0.852335256677556,-0.320500530122174,-0.170634653385031
"99",-1.02822373881266,-1.17694409811676,0.100772913984152
"100",0.205794505025911,-0.694582798565596,0.0895849892231148
"101",0.29520381951602,0.11311797357713,-0.858911819934455
"102",0.291697932792744,-0.0720611623542413,-0.550209192915647
"103",-1.55348399028289,-1.29879321898878,-0.0217040408483347
"104",0.14169248628385,-0.21694718044613,0.188937811958491
"105",0.385502103712085,-0.527826841804785,0.122991364544062
"106",-1.10336037127519,-1.19324173087184,0.0809280565670162
"107",1.49170396532766,-0.174988740943891,0.0701962702607034
"108",4.17973863339607,2.69511795189468,-1.43750058049776
"109",1.03505682794107,-0.174479537313767,0.0483751703829425
"110",-0.401798650051011,-0.987254113286204,0.142731124361262
"111",-0.522971997770851,-0.742799273438522,-0.148655297321764
"112",-1.27456603873985,-1.13956833376555,-0.0322012706496972
"113",2.47807869647428,-0.641035700779342,0.377246590298088
"114",-0.811134374912042,-0.973243278609361,-0.0419499420844421
"115",-0.310339618260375,-0.652094994088146,-0.15035443878256
"116",-1.05439640571816,-1.07295459294348,-0.0541859369480283
"117",0.930329958405168,-0.198060487078533,-0.00382610535155711
"118",-0.303900276645154,-0.510586529325995,-0.23322259432886
"119",1.69741130134859,0.535821144096637,-0.325558322429711
"120",0.37586705224747,-0.266677175373174,-0.215653266564679
"121",-1.29550437597704,-1.2720088168586,0.0693740809461548
"122",0.151571426757319,-0.473531469157936,-0.0784426435433962
"123",-0.520349225819801,-0.707513992218265,-0.124777831971138
"124",0.0917177732678492,-0.967207943992126,0.486696190345381
"125",-0.808818397832284,-1.01040619770255,0.0258989848326594
"126",-0.786926970028993,-0.912451874390508,-0.0411614644653956
"127",-1.2197743482211,-1.1446973259378,-0.0430376561486946
"128",0.940701865753911,-0.160420185023709,0.0427159056041181
"129",0.355379597836093,-0.31351157047139,-0.111674524119876
"130",0.367313124632829,-0.724491492237685,0.352983072365931
"131",-0.34448796726184,-0.614571308492796,-0.0985202361437167
"132",-1.0482548703697,-0.987162709978117,-0.106130405372221
"133",0.806287974433621,-0.0374547820420311,-0.270713043555877
"134",0.484293658567781,-0.64905672059243,0.329465195703471
"135",1.06852475827069,0.0646154846870871,-0.359339019157351
"136",1.59480089055962,-0.116790781272068,0.409382766668252
"137",2.81051075829814,0.770010016316304,-0.247967362288088
"138",0.814142261458337,-0.0752147148284854,-0.135046308229472
"139",-0.0132099239016281,-1.04447132111543,0.340870954473197
"140",1.47873849579052,0.115361465225622,0.0437373801586138
"141",0.388627449993518,-0.649212851024377,0.223353484233351
"142",-0.644968726241372,-0.893080408826107,-0.217367920987629
"143",-1.5456242278751,-1.26431426004137,-0.045793259260301
"144",-0.408361491795103,-0.708895063034455,-0.143925592223604
"145",-1.41970534245466,-1.20612584481642,-0.0742467287795997
"146",-0.33085816699552,-0.81817685885853,0.0954225173614819
"147",0.258878437160526,-0.190833602764541,-0.471880028927219
"148",0.148140258562236,-0.71592701659689,0.121729337171134
"149",0.322500808514599,-0.522450243692534,-0.0424892817494883
"150",1.33932088669484,0.49325189587195,-0.650888875188597
"151",-0.0679233273291673,-0.51730809567136,-0.117992281129194
"152",-0.20436522477624,-0.751996789789696,0.0860906929757956
"153",-0.82236995749748,-1.02145520028497,-0.0687723095219787
"154",-0.632156097961375,-1.00305816546339,0.028441371004086
"155",-1.84423728817864,-1.38269421482824,-0.0704876121750056
"156",-0.54609952515725,-1.06707437980135,0.054807010737943
"157",1.74602393188495,0.338684305552954,-0.396366779042865
"158",1.31296031937165,-0.0777853069989675,0.0149061282622489
"159",-0.718238641125838,-0.768591134429713,-0.298434029720129
"160",0.548463039743466,-0.995175640332247,0.600690872812237
"161",0.617545539742569,-0.256424310053118,-0.130777391238004
"162",0.244036710564443,-0.641702994046625,0.211741957830222
"163",-0.162607645894934,-1.01500757452357,0.205817957098868
"164",1.31806678084199,-0.654135758113592,0.372143207787148
"165",1.45793488487993,0.0977248949845171,-0.672204757363166
"166",-0.101639681518577,-1.05674768179741,0.14841742993159
"167",-0.356475081066637,-0.891143950055015,0.0707845225445953
"168",1.10160787533374,-0.0103431975632488,-0.102370969669036
"169",-0.935322929905931,-1.10496446798882,0.10743957601505
"170",0.742872063481595,-0.901813266894614,0.789661169411429
"171",-0.530514097660795,-1.11669689255836,0.280249836512298
"172",0.581268420707208,-0.433752990613425,0.156243571059992
"173",-0.359969656673836,-0.555246713939667,-0.22463308452562
"174",1.09058132782666,-0.196481687760178,0.0417919658045599
"175",-0.0662305320334366,-0.352779110350261,-0.261289949055841
"176",-1.4562677775526,-1.12963647974552,-0.180378214177108
"177",1.28274824513868,-0.0565743982268206,-0.247951130670823
"178",0.657058345918176,-0.105052270295687,-0.324416164549543
"179",-1.40079947532845,-1.23677717104397,-0.0415352590854047
"180",0.674438345617945,-0.0984781131531694,-0.244891371734215
"181",-0.468280800968917,-0.966723421865802,0.189016332618492
"182",0.191825327107451,-0.658963035491813,-0.0500825440854674
"183",-0.866593184467444,-1.12079015754682,0.093496696714944
"184",0.806578794660333,-0.46779595642244,0.276539667200197
"185",-0.213808657602622,-0.755250042303654,-0.102557710961018
"186",2.0101621025624,-0.135597347862324,0.589477278231291
"187",1.63718781525711,0.251194708929797,-0.0132582670205429
"188",-0.795477551911178,-0.987249561369674,0.0357075569649052
"189",0.366852192653263,-0.0357812894977893,-0.407151373850109
"190",1.72278888758255,-0.349217045526603,0.590325304103418
"191",1.88172015032616,-0.421583665048418,0.697915925165711
"192",2.36990649014358,-0.145903283622327,0.606617373776764
"193",2.09454088397965,-0.138856169145423,-0.725401360334783
"194",-0.557814038942182,-0.684927291639132,-0.225267397853239
"195",0.483081841956626,-0.210129288759627,-0.336453938695367
"196",0.0944434988313771,-0.829168021821594,0.331865207606776
"197",-0.0447243026905457,-0.867700990447185,0.117928927213507
"198",-0.957877825285597,-1.01794944351596,-0.0917307994664155
"199",-0.523808681496166,-0.818015468398796,-0.133665406031557
"200",-0.450462097792994,-1.04242062399606,0.111510945488853
"201",-0.248118413876219,-1.01612122685124,0.349156331464614
"202",-0.711544594030894,-0.57197299012531,-0.398709031621333
"203",0.41964956825294,-0.142934463254859,-0.423879847632037
"204",0.648864146198054,0.0127094035265428,-0.3358813081463
"205",1.49667817307284,-0.0644590125754237,0.116638240738058
"206",2.0330994575764,0.125452411134226,0.0534884245224767
"207",0.523327361076279,-0.605222795516363,0.26154812245707
"208",-0.04773804740799,-0.72427821190659,-0.00238149572538454
"209",0.753476341531525,-0.117663578825473,-0.101073529144778
"210",0.528586249947447,-0.18880955950311,-0.208164827931004
"211",0.496946881099753,-0.698245276114528,0.209575870975797
"212",1.32422415745301,-1.1679491832646,1.38851731755457
"213",1.39326634851911,-1.22252032073727,1.47081075650802
"214",2.71886166000733,-0.479177147831152,1.27117610895397
"215",0.844622169619317,0.0337136625675395,-0.254296906641034
"216",1.90284115552549,-0.298946583208271,0.624212635755949
"217",2.19307416546617,-0.0620771934127794,0.645297023913463
"218",-1.00536470280516,-1.01922142524028,-0.0603889775007248
"219",1.36029570405229,-0.285341222219466,0.461811145989279
"220",0.440401410052243,-0.538966642653993,0.244281014134053
"221",-0.769974858104891,-0.868034635857811,-0.104495333700161
"222",0.876883426239098,-0.42685848627343,0.313356580129025
"223",1.75466157978307,-0.386692689410356,0.794653160426235
"224",-0.426060558083131,-1.0745491160771,0.368475846103213
"225",0.0803020175534467,-1.06564212165826,0.375194498926644
"226",0.843053238020022,-0.320454839856505,-0.325225395563387
"227",-0.454735631440141,-0.797314325152278,0.0215151664461949
"228",-0.0605277033197748,-0.711679507515167,-0.0827003322550449
"229",1.44181828059438,-0.27184714238345,0.49508321653514
"230",1.90307677871805,-0.039917402290343,0.441163182604295
"231",0.511481217591756,-0.872185530789769,0.666579141635621
"232",-0.810582830318575,-1.1936250103696,0.297371842469
"233",1.83477612433812,-0.516874282976508,0.250840246606505
"234",0.466637729994773,-0.592013864040284,0.033646517383397
"235",-0.236849853382066,-0.615597180356821,-0.0917972539481539
"236",0.214148155384079,-0.0588506154838085,-0.539880222338202
"237",-0.0719733035751863,-1.18748489509959,0.695519065644636
"238",2.18149173434367,0.0125619608341062,0.57190866098421
"239",-1.02401905797256,-1.08740115583964,0.0628209810239816
"240",0.676158230853902,0.229605681267503,-0.508480693785387
"241",1.2651945977193,0.420007746631623,-0.494686414240442
"242",0.139868404109213,-0.431832553956091,-0.0276927287390424
"243",1.63969717682886,-0.376193029366687,0.681122072080215
"244",0.474599349533694,-0.015769342749167,-0.461829128406534
"245",-0.192017137884925,-0.707394046315692,-0.0718611224395882
"246",0.185705486321102,-0.0850318278272979,-0.604274772017532
"247",-0.36392960338382,-0.666061574732079,-0.124730642826181
"248",-0.577511218490091,-0.554916324465184,-0.331479214744615
"249",1.14668532497225,-0.0735401290805564,-0.0930780109999925
"250",-0.958026752505848,-1.09364029408266,0.09617614406916
"251",-0.507445575463186,-0.936476829258194,0.0549589116841706
"252",-0.216115662090556,-0.676371919946238,0.0138839586008895
"253",0.721817716019006,-0.276115836783107,0.207392125809785
"254",-0.102222847180317,-0.529271494917287,-0.0562514871302851
"255",0.499193749393851,-0.290420516632935,-0.114798001456325
"256",-0.0112812402508925,-0.715009982202199,0.192377812641085
"257",0.544596605120683,-0.396631006126155,0.0997222251922606
"258",1.77878408891884,0.121344479561849,0.197725552681342
"259",0.400351783449943,-0.679035512714671,0.345191593594519
"260",-0.490717963211491,-0.707369055319547,-0.0974908019205714
"261",-0.573901555417037,-0.947218092060513,0.0179575043906561
"262",0.499626187249856,-0.288247770163014,-0.0011370180747368
"263",0.666207774360366,-0.242558092046228,-0.0803135315144966
"264",-0.3608564369879,-0.803242627695042,0.0642883993727396
"265",-0.620746180243919,-0.861580005126965,-0.0683404901367693
"266",0.191660345559255,-0.35036101920415,-0.292899202085725
"267",1.18500207398926,-0.308990337315645,0.301657137318337
"268",1.20692656018428,-0.627398085255901,0.746062001546197
"269",0.866969601155154,-0.127908084750494,-0.133968757046833
"270",0.742875615404586,-0.457433660787956,0.284068860851465
"271",0.84565506190707,-0.461969406742056,0.376440521464209
"272",0.788059685401094,-0.717584630859584,0.597554709344511
"273",0.961764037853669,-0.619827350836907,0.555239712284218
"274",0.681512716349251,-0.53542550459901,0.378819203791967
"275",0.990623911388374,-0.214637094414539,0.120088767271857
"276",-0.823036705663121,-1.38907245286379,0.50822807401799
"277",1.46260254754255,-0.0938416351265428,0.387826147373351
"278",-0.306453945195333,-0.507390443243736,-0.283377852029682
"279",0.987794946659457,-0.119758219226618,0.0575352916536787
"280",1.58815782571908,0.774285509175737,-0.87133274690825
"281",0.1740271066588,-0.862329197964901,0.0998233308901588
"282",-0.309760669321132,-0.848701478071852,0.11927209169628
"283",1.38098666384347,-0.631618150281794,0.419866198747345
"284",0.652606446416852,-0.90454289656969,0.532170935945108
"285",-0.957354929366924,-1.25831216930177,0.269870192118911
"286",1.38479765603291,-0.29727916788318,0.352499905336478
"287",-0.203893034506266,-0.792199442699098,0.0972118861261702
"288",1.71494505087947,0.0482170133682229,-0.178728516357069
"289",2.78829381279953,0.182585075013131,0.66675802176672
"290",0.130513104469915,-0.661586528539801,0.171554096778332
"291",-0.52729042850148,-0.654877695651534,-0.173744816918784
"292",1.20681899527854,-0.0754758335481042,0.092890527639373
"293",0.0430231792560198,-0.012614486027766,-0.685363269225262
"294",1.18132420123844,-0.560230639229642,0.629917080125855
"295",1.37443144136317,-0.214093412857613,0.390250010993613
"296",1.65823185437122,-0.467412009365735,0.676511578209262
"297",-0.461894720411744,-0.801866240248572,-0.0246793347094556
"298",1.53987825183724,-0.493076014197159,0.794378165244935
"299",1.05188458442535,-0.329466508105318,0.185445770360592
"300",0.351180071973749,-0.470497671826586,0.0444672541079314
"301",0.211722556045736,-0.461257025586773,0.031141176436659
"302",1.91028495863625,0.0769327104303395,0.327742864134001
"303",-1.13798979392367,-1.12240320649856,-0.0402498716840995
"304",-0.78096077810505,-1.14903230997275,0.246836058220001
"305",-0.00405965825018235,-0.000357679783405786,-0.648512889947173
"306",-0.387277582085462,-0.701329479711377,-0.102299752742584
"307",-0.152193758618553,-0.728631040663838,0.135142140311755
"308",1.14383242809696,0.407650177275172,-0.678400227369125
"309",-0.973570275065696,-1.0548707820237,-0.113384093452307
"310",2.36826179647605,0.395197381007556,0.0415391453381417
"311",-0.928061944471147,-0.988377378857406,-0.166443945139008
"312",-0.00107735147764447,-0.854376968327755,0.242193311725552
"313",0.398371175879119,-0.563947281677047,0.204453300545708
"314",-1.00419152114077,-1.12197749218698,0.106326404195703
"315",-0.213037863035758,-0.983861208987255,0.264767951313399
"316",-0.935008865039353,-1.17880187232755,0.191373484287019
"317",0.0551171930588677,-0.388932883211279,-0.221161608860464
"318",1.41761945640933,0.22639496069712,-1.09480099369811
"319",1.0466605218699,-0.226559732835748,-0.0911325227943281
"320",0.114230259346319,-0.584161878227901,-0.0106828280008512
"321",0.776329339316171,-0.753529834574655,0.429760196282799
"322",0.39433956048673,-0.443808140605076,0.0411633611897942
"323",-0.228894563501243,-0.742906972280209,0.0181306615962161
"324",0.0577306719719778,-0.648051256742894,0.126992587024938
"325",-0.149901550041861,-0.626831911531014,-0.0163307125582087
"326",0.469665412698772,-0.329396707243257,-0.31631419274451
"327",-0.594822086295856,-0.88435916305417,-0.0329012954193035
"328",-0.111314764765323,-0.816539236678107,-0.0639784292494668
"329",-0.0284417761988432,-0.770519790846498,0.0475329641419482
"330",0.717662290415215,-0.553162052862774,0.376871546450135
"331",0.966898146911518,-0.847974684422403,0.802279741392308
"332",-1.08525941023726,-1.28256677354477,0.224295526299417
"333",-0.566722820988398,-1.15697990461618,0.264919570760953
"334",-1.38181009313095,-1.20486435240111,-0.0775207496524737
"335",1.63203036522476,0.666644967535386,-0.741253261453845
"336",0.277022736131416,-0.51369709837683,-0.0109126701126123
"337",0.260104589169488,-0.575465294508005,0.0202171340935058
"338",-0.211285610980739,-0.732194157931638,0.0991894494063352
"339",0.678571015134554,-0.24577352770616,0.0409588008771827
"340",2.60159234938555,0.400244882430401,0.229688617586626
"341",-1.11362395463033,-1.05633340707706,-0.0416508728236715
"342",-0.755819372628887,-0.911751818545531,-0.0330501158204652
"343",-0.896589656359534,-0.876070790712678,-0.0534099317599013
"344",-0.609352728976233,-0.967705572990997,0.098556217241576
"345",0.507282673248417,-0.338185245527608,-0.170657432280854
"346",-1.11750657526734,-1.11074929471911,0.00120561996771664
"347",0.368284672251821,-0.479689822119341,0.0763161862046446
"348",-0.447048059314991,-0.941567771711175,0.101473369990815
"349",0.890007502732748,-0.337573783268253,0.173344111798785
"350",-0.165743041263364,-1.0688762285872,0.405747402573569
"351",0.177327549539942,-0.400342490376831,-0.561876504911798
"352",0.396057722828587,-0.442969731983392,-0.158024985993703
"353",-0.519346329921599,-0.77785552455648,-0.106060899406045
"354",-1.0707620367284,-1.08107392973369,-0.0964298241420608
"355",1.10757835162254,0.0543192715215532,-0.232066852298919
"356",0.559587484074351,-0.353433784077369,0.180501678804447
"357",0.118033155156587,-0.448182851621846,-0.161291787579778
"358",0.504830958606534,-0.4442867203828,0.0322387660433507
"359",0.158811605152466,-0.686085491256203,0.00974359508492684
"360",2.91228844409622,0.200475451051158,0.0854619553104082
"361",-0.687738637890661,-0.901708136752969,-0.025194425240235
"362",1.6891797298916,-0.342271829780102,0.480325235727312
"363",1.34867349163554,-0.627650998270787,0.823582754599581
"364",3.3313875615383,-0.245929431752109,1.04084776140652
"365",1.39152419907387,-0.43428682093502,0.251303490858165
"366",1.23537103588548,0.282313756683613,-0.416833093920192
"367",-0.147904319058721,-1.03424101004888,0.24972640692727
"368",1.7500297619359,0.161855997948328,0.0598063858186086
"369",1.75633050045616,0.0701886488568109,-0.0653036082539423
"370",-0.219419771508623,-1.01279766703256,0.206080482152379
"371",3.66643089173809,0.527855913237677,0.0668806203038933
"372",-0.497296709294965,-0.714434204806218,-0.247108463593208
"373",-1.30382271762887,-1.20780316220533,0.0197918960644258
"374",-0.17345222785639,-0.705967209761053,-0.00701352391917983
"375",-1.34181831294437,-1.20563182305287,0.00416423699457086
"376",-0.450197213674382,-0.861109923465404,0.115611384254185
"377",-1.44655924372648,-1.33813994627519,-0.00313269611882747
"378",-0.336452028278161,-0.58577492910538,-0.314583592464811
"379",-0.805195740684869,-0.998502934576872,0.0230733404511684
"380",1.0285816431329,-0.168134616402282,0.0313229954239461
"381",-0.950062537845052,-1.21201487329438,0.128852043669941
"382",-1.01865604503784,-1.16385914223401,-0.0263111846915702
"383",0.278082953012039,-0.602688861803305,0.259771693516153
"384",0.788090469642418,-0.648512931316815,0.352469662432943
"385",-0.304846170962411,-0.9494735651716,0.156448544329817
"386",0.155701355318436,-1.1115271934341,0.512651542998208
"387",1.69175398714693,-0.386876927152101,0.593276067238748
"388",0.955083911500043,-0.280200801040276,-0.187782164973827
"389",1.59519238590433,0.231062889864763,-0.0374746616026181
"390",-0.0299447331776132,-0.287257419766542,-0.439138198527524
"391",0.453175268510776,-0.254066901810325,-0.194371658391518
"392",0.81292575186968,-0.321538318775543,0.311590676798286
"393",2.36980177693261,-0.0282584568252241,0.613305018512981
"394",0.974388880618998,0.237726030591243,-0.516963444575095
"395",0.686883758621038,-0.310621096555878,-0.124946370072009
"396",0.215656115425063,0.0160518367849871,-0.564908461625468
"397",0.459816394782068,-0.0763235216059152,-0.416867884570559
"398",-0.199889969741612,-0.271498317522347,-0.52201478633586
"399",0.00507615258380836,-1.05899269922918,0.510074741578099
"400",2.22167091391548,-0.504520833293446,0.155993366458586
"401",0.17000034698439,-0.856578616678532,0.140359689752282
"402",-0.744406744614292,-1.08259285426335,-0.0100580036718147
"403",-0.187987232494097,-0.66573312784919,-0.223679646423418
"404",-0.157484977294799,-0.619296847384016,-0.0947867982179117
"405",0.65209170258702,-0.66557896613152,0.358958259212168
"406",1.27152540635833,0.38343486216512,-0.642195744596273
"407",1.3459354113804,-0.154867296426039,-0.0956292029658857
"408",1.46058904088866,-0.319091757576781,0.670562121846703
"409",-0.690710425193917,-0.552043972758829,-0.354213813264062
"410",0.778378776519635,-0.871850310194796,0.409460919455524
"411",0.975686045775655,-0.292791523003442,-0.163927278152454
"412",-0.217648799028008,-0.500274440149666,-0.139875090078609
"413",0.239102667963831,-0.152857828352674,-0.459881097438578
"414",1.24017143583998,-0.28726080859669,0.305179265381054
"415",-0.336691797457775,-0.688715103452229,-0.0922261691530402
"416",1.54183091718698,-0.0812422424062283,0.0629923592707326
"417",2.11862009149946,0.426090836508695,-0.519772691076727
"418",0.244337784977579,-0.789281636130578,0.314319131653709
"419",-0.389114170804426,-0.879839298589944,0.070475397992014
"420",1.0024752255875,-0.0366550665352122,0.0132625261613517
"421",-0.235455676001754,-0.824519178969718,0.173492979894839
"422",-0.628099138240791,-0.899565033467593,0.0755223366612902
"423",0.607121620673465,-0.161283121660299,-0.0846849470551345
"424",1.3443315532597,-0.103517325376528,0.162832394582606
"425",-0.330035883171041,-0.943383141550789,0.180637011938211
"426",1.0409562760137,0.137071411963462,-0.331291118073827
"427",1.10964694756048,0.00981348020483131,-0.162796871348482
"428",0.206914963813872,-0.635183326075906,0.10148090082023
"429",0.443469827303836,-0.349335044442322,-0.103926953886851
"430",1.12230443906901,-0.244040347362854,0.0143808810315551
"431",-0.618269844868125,-1.00585994967047,0.130819568628004
"432",-0.0239743596639808,-1.00585702139974,0.236759448108917
"433",-0.961481207503127,-1.01697787545826,-0.119425629494641
"434",-0.377645558755871,-0.467108861514539,-0.306809425834433
"435",0.0313302321566587,-0.83243319764393,0.315799624510217
"436",1.15564097758758,-0.131522661577005,0.112102802222523
"437",0.0987836136689877,-0.502146029479366,-0.012506384313616
"438",-1.10892430304087,-0.883651934193853,-0.214924241689716
"439",0.319791788075463,-0.368697022958531,-0.0491179482300542
"440",0.114264441176121,-0.333641556301819,-0.344878408558048
"441",-0.100942610891306,-0.10082831874667,-0.429176819397578
"442",1.2987727642146,-0.318083953357766,0.093311575313718
"443",0.525809889503311,-0.628619903129344,0.294141486800108
"444",2.4483537699372,-0.639199548246916,0.788871662904777
"445",-0.113657149310835,-0.703092519533371,0.0737934433106087
"446",0.685371641933731,-0.0760465836032093,-0.160145659832432
"447",0.566056113142867,-0.342318196029737,0.040721510354611
"448",2.26849018269872,0.140418723255018,-0.194404383945051
"449",1.83558709499618,-0.167643012295114,0.513517053330276
"450",1.23083442032512,0.590142999815966,-0.770960156052838
"451",0.589627547885558,0.109926822632711,-0.584034676468071
"452",-0.70416164964995,-0.557554176836636,-0.494924189538901
"453",0.596430658774483,0.165131748642048,-0.636783893766962
"454",-0.479308439426088,-0.515526848524812,-0.394720437619272
"455",0.439241885915058,0.071029493402344,-0.797588807015993
"456",0.721131459437852,0.44621393999821,-0.758757713344136
"457",1.59149937593101,-0.00339270650893489,0.283821247660509
"458",-0.985011684476151,-0.877206102831272,-0.149282410884674
"459",-1.15060574574108,-1.00219045634044,-0.161394820184336
"460",-0.376487014839969,-0.854256806092468,0.0909608645202829
"461",-0.709462137392435,-0.693506590726335,-0.230278857854343
"462",-0.516704469162146,-0.84892210139327,0.0445428983115407
"463",0.457720835301074,-0.0120306583648235,-0.371856635143515
"464",0.0159872521384426,-0.661205916786121,-0.0217801890730362
"465",0.0675811282655034,-0.260971476928057,-0.288979870506318
"466",-0.316781175937667,-0.782325214642057,0.0319281294524954
"467",1.38519200949224,0.330034381385284,-0.0498638153511591
"468",-1.04215917852333,-1.05187469808838,-0.0624566913795685
"469",1.05401864853582,-0.613986490179554,0.312140709179451
"470",1.01567124341765,-0.237713400805414,-0.0113440651847553
"471",-0.172015725493533,-0.702197215599138,-0.0477562688258463
"472",0.911003344912504,-0.212553354761114,0.0672367673009346
"473",-1.24155998591688,-1.26076134287499,0.0954326872005956
"474",0.455533942064116,-0.584048095989797,0.259782900718853
"475",-0.786472706399963,-0.735164905525813,-0.177991836387153
"476",-1.06623014840572,-1.04457046036895,-0.0402231727648037
"477",-1.20286611071668,-1.09812892586844,-0.054728189135002
"478",-1.45027450118127,-1.1597475480204,-0.115455726252144
"479",-1.63298539118332,-1.3323650752184,-0.0829713273064417
"480",0.517782869448879,-0.67410879444218,0.297198084706698
"481",0.894033913255439,-0.193963146868278,-0.164980844894609
"482",0.294302330790148,-0.630688546218174,0.0142349380880027
"483",-0.119645374998611,-0.678654403631632,-0.0299361645704581
"484",-0.549297389945985,2.06288322747347,0.0165878007805609
"485",0.0147242685394635,-0.703254124325246,0.106843933685759
"486",0.230415946071251,-0.666559044555187,-0.0162819195194527
"487",0.0933111243707584,-0.567708204674363,-0.0914664714555462
"488",-0.372535470470681,-0.826186937262033,0.0360083157375359
"489",0.202112810021815,-0.473426853759333,-0.0369983816057265
"490",0.173225359699276,-0.779303794619293,0.28008376809881
"491",-0.117641852166568,-0.46460181868575,-0.350328811062916
"492",0.0757222123006248,-0.360627074117696,-0.18173404741613
"493",0.302327531574226,-0.44564066748278,-0.320710241239666
"494",0.750957386864787,0.0928516295588927,-0.502831313820308
"495",0.0251357317415937,-0.264375306289172,-0.450204347562016
"496",0.848274121691217,-0.515161840200406,0.112482190980191
"497",-0.214187808871319,-0.680394765830941,-0.00578899732177332
"498",-0.282139854227434,-0.521144633622867,-0.246910988476262
"499",0.760897879966277,-0.0319121692082903,-0.561185595708421
"500",0.396304152709416,0.0302825438985063,-0.479747476587515
"501",-0.39156382658689,-0.590366402763328,-0.308689230287931
"502",0.108117519413003,-0.596873882035416,-0.0999547588853694
"503",-0.194068061145188,-0.586315031649549,-0.103211743828708
"504",3.05502235561375,-0.0334891643475783,-0.19985758977344
"505",20.3438345932636,1.79924628189708,1.46809000986309
"506",0.33901010068027,-0.556923591536871,0.0926860788150087
"507",-0.098248324421813,-0.611857454548282,-0.0754038986833324
"508",0.399520422980051,-0.558025625022436,0.144078047119161
"509",-0.0872613536972061,-0.496136909135925,-0.300084019016976
"510",-0.507205717203478,-0.66073448339959,-0.233975856833077
"511",-0.786562223374727,-0.949299198783468,-0.104520201312936
"512",-0.721983323536673,-0.868703583423234,-0.13201551856484
"513",-0.0400842844735833,-0.601917892886577,-0.191091287538884
"514",-0.878138093423634,-0.944823945838982,-0.0540731541677487
"515",1.16336028870343,-0.611916995992047,0.0875437008066843
"516",-0.447967193867302,-0.820234265444963,0.0421236934186481
"517",1.070059077469,0.187847247634643,-0.625848672585498
"518",-0.739254172728096,-0.67123962707233,-0.250444546657464
"519",-0.383727412979718,-0.887797513308823,0.130490869842814
"520",-0.470143871127726,-0.775792648617605,-0.0238364155759123
"521",-0.00373738200476438,-0.383948021633284,-0.418696872887219
"522",-0.450650638482076,-0.656212578398668,-0.163456365210491
"523",-0.182927727932302,-0.845866118886552,0.074987256482164
"524",0.203483651939485,-0.655894180598315,0.150421088544741
"525",-1.13915558822225,-1.07381366760151,-0.0225459719761537
"526",0.478717299326642,-0.502548578177042,0.0044211152743721
"527",0.0860075133044154,-0.567530098736792,0.0421925648097375
"528",-0.478933037659909,-0.763241741246022,-0.071894620215941
"529",-0.281619668356931,-0.672132117471898,-0.0573360738442678
"530",0.525587311316694,-0.563554268586044,-0.0177452578905995
"531",-0.817495265155785,-0.88409121636952,-0.0576018743907774
"532",-0.245761269083529,-0.821129940653486,0.0741860935222577
"533",0.922855182008941,-0.321632251143324,-0.100672291564688
"534",0.19116225096679,-0.336857259739587,-0.151406175199371
"535",0.31034242753442,-0.586797436334387,0.159030762686363
"536",0.849663262772668,-0.372687085225545,0.184136637679536
"537",0.637301439685496,-0.538368305895019,0.188326467929279
"538",-0.719217583193833,-0.950110183431093,0.0134040969726231
"539",-0.904578556178402,-1.05644668596671,0.0869737101913891
"540",-0.271653062487348,-0.633814844331384,-0.13292881158291
"541",-0.583202864781464,-0.785892598999423,-0.0576098781145995
"542",0.141244649909741,-0.517851379115377,-0.0953193885678508
"543",0.363336827933705,-0.22806428563071,-0.15003418811182
"544",0.635673298654574,0.0188422772621729,-0.295751177285635
"545",0.629472805049722,-0.0934329776152275,-0.246394838693082
"546",0.597094596869938,-0.584144142096946,0.315280766822871
"547",-0.555862868292032,-1.03761807239042,0.225251829632549
"548",-0.265107537918703,-0.919586643178769,0.204881997521564
"549",-0.089411000176491,-0.819268149077458,0.223339898581313
"550",0.222253301588696,-1.26000859094467,0.791813033068855
"551",-0.830395733280639,-1.00153528247853,0.0304490924607394
"552",-0.367629568034339,-0.959953685677251,0.0860147029714624
"553",0.18786116885033,-1.17450650437861,0.796228356149634
"554",0.286724628836503,-0.643102510253893,0.122080127746981
"555",0.347571511606089,-0.330626965629813,-0.149797922253205
"556",0.0581349247446503,-0.377366175092534,-0.28080502826443
"557",1.28693151231659,0.380350295439177,-0.617452865298008
"558",0.538578857741687,-0.125421772827182,-0.529260607448267
"559",-0.0328715358537849,-0.310695276419559,-0.305950318021807
"560",1.31052314482818,0.331456773255061,-0.725295259901483
"561",0.0825301213506666,-0.41269392656163,-0.143170901906311
"562",-1.55255455047134,-1.33398495377579,0.037355051594076
"563",0.267245351856209,-0.184933821355366,-0.440249630270431
"564",-0.736250351214546,-1.24547555686877,0.371483977041389
"565",0.204207284124324,-0.596106661954828,0.0949056608776615
"566",0.437085485533244,-0.223868673915111,-0.293478021905019
"567",-0.229637539553132,-0.930844122278397,0.185838493744231
"568",-0.378355325671195,-0.849833848162463,-0.0851334343300789
"569",-0.111336750500841,-0.758661766345933,0.136189711143549
"570",-0.59902703529277,-0.849567497271399,-0.0411185927929975
"571",0.747357842622254,-0.124915693177949,-0.234719722070719
"572",0.547930528732082,-0.259476498714945,-0.095042702849041
"573",-0.580305327190377,-0.743858251686043,-0.147015823088173
"574",-0.824503239315862,-0.862181455594742,-0.104234987071889
"575",-0.915469668302671,-0.873925486562494,-0.149870450489387
"576",-0.398823541189651,-0.533304253916507,-0.307299902615114
"577",-0.748972814630755,-0.582164690532169,-0.353648645521112
"578",0.0196946203986724,-0.512408563973002,-0.589800051190069
"579",-0.410861251097185,-0.811871385805102,-0.0614917381631676
"580",-0.338956672057739,-0.771828834694713,-0.0875077661311526
"581",0.0620325678522289,-0.272760071147467,-0.463409924786483
"582",-0.407990582942318,-0.564469299710565,-0.249626754086987
"583",-1.01540288275637,-1.09658494984084,-0.0100783881638512
"584",12.9275007229893,2.10302664220253,-1.46062274824434
"585",0.314483693084598,-0.414245248802765,-0.122517068286354
"586",0.844193669046711,-0.0378329419402464,-0.30803315523548
"587",-0.821628378357054,-1.17953712541154,0.527432875838678
"588",-1.19073132444916,-0.973336640662486,0.0412243920172315
"589",-0.0752901622561299,-0.339759092942358,-0.319603952012149
"590",-0.253855938716323,-0.422875216811112,-0.408594919369539
"591",-0.144208587361472,-0.259951947498537,-0.472776576059401
"592",-0.609002419872247,-0.741485038444604,-0.211283969237457
"593",-0.251221951136061,-0.121889701824656,-0.549487036533107
"594",-0.979431456051712,-0.748894435218866,-0.263190236989691
"595",-0.162700728847705,-0.406818894550176,-0.25032065876472
"596",-0.698628702858082,-0.684941070924253,-0.336054018959798
"597",-1.07552209205918,-0.860909691005125,-0.0620372951974154
"598",-0.390957259878176,-0.452547967643872,-0.251688889346961
"599",-1.11080158867981,-0.881514322303996,-0.191672638732959
"600",-1.13309593841945,-0.916640632822948,-0.0484575542072933
"601",0.0442296413304472,-0.194752855127625,-0.337639058630587
"602",-0.397120641199822,-0.774027124633679,0.0630789329076062
"603",-0.517430622357423,-0.768230308399069,0.0806434900975005
"604",0.37845736697703,-0.574001811454377,0.248374916094713
"605",-0.677433029014366,-0.71507001890168,-0.0652665904893544
"606",-0.97909279550827,-0.9238757870553,-0.0592761808655367
"607",0.0790511539650924,-0.223076355912518,-0.264256346695304
"608",-0.118297719833068,-0.626986757424753,0.0678437833082935
"609",-0.00244287262082389,-0.784502791578773,0.27068524506745
"610",-1.30039863352006,-1.08674879198948,-0.0903398264364168
"611",-0.787401054786641,1.34381533218849,-0.0431335958151389
"612",1.0396513863562,-0.148164904482877,0.256973978947193
"613",0.926195497669345,-0.33252756300106,-0.264807772987484
"614",1.09364963867682,-0.0435716855425704,0.177815738367596
"615",0.366819748233424,-0.0770846549671269,-0.19288230204396
"616",0.201218829935478,-0.422744123019675,0.0758939581241884
"617",0.5935426130811,0.0853004078686535,-0.236017681193267
"618",-0.0869913307030987,-0.726683899285907,0.114088486184833
"619",0.629554372942794,0.206308193960989,-0.342369328854666
"620",-0.914348069789371,-1.00934027229913,0.0661752495132351
"621",1.41320461641358,0.178184463939569,-0.227996015819338
"622",-0.604026456792892,-0.980133849256199,0.0988968941420027
"623",6.84187105998721,1.93574223461487,-1.76423234216264
"624",0.0681924581327368,-0.00898617734151207,-0.430740331748647
"625",0.935562862941065,-1.31672591951298,0.743869076429929
"626",0.0321640804379679,-0.19592407217516,-0.255500771876533
"627",-0.649428309875984,1.82575448319373,0.0165007564838326
"628",0.0213040518470024,-0.45638877772332,0.0106236239383195
"629",1.30710585153121,-0.0125458946620245,-0.339261247206342
"630",0.409894270269619,-0.485688225083341,0.258154183332369
"631",0.582693663045519,-0.131210891851966,-0.0158185601855582
"632",-1.26428578022651,1.17159274011822,0.323495981735908
"633",-0.610823687904201,1.80546200280097,-0.0263067979685714
"634",-0.318752563105483,1.28699103996704,-0.490126367934816
"635",-0.697560052822227,2.06563573441797,0.1521610374447
"636",0.0345782007342707,2.149106791857,-0.480093125115831
"637",-1.23565096822124,2.5552321099433,0.828119720702216
"638",-1.14976280152691,1.55935095406313,0.368289239455791
"639",-0.813139211971075,2.04494305648294,0.249089896969714
"640",-1.04743411946584,2.06315893770451,0.468649557550528
"641",-0.0045545114621366,2.35293204025471,-0.36642451204098
"642",-0.998246196070349,1.45621215047038,0.191267159344764
"643",-0.98663866634807,1.54408767855719,0.214434608550408
"644",-1.17022005646509,0.425150998308109,-0.048097853983836
"645",-0.646611828677983,0.846913053834009,-0.361424889502556
"646",-0.714677963947521,1.83185979339611,0.0780426088459859
"647",0.0804802293987625,2.68414167220921,-0.316562269670807
"648",-0.177205767615437,2.58778408659213,-0.119717154627132
"649",-0.511775672964396,1.38845344193085,-0.276088595672797
"650",-0.594175190311908,2.20237818204945,0.110799238294541
"651",-0.864199561888831,1.24165258452573,-0.0126326436166793
"652",-0.766501110856402,1.29367220855714,-0.0813250692857597
"653",-0.0404065565372803,3.47757383316391,0.0973862168328344
"654",-1.31807198249996,0.285155796804311,0.0323612259739551
"655",-0.326647191933916,5.061185401201,0.964380470647752
"656",-1.1107741672547,0.375107924062325,-0.121223430948811
"657",-0.442274572554915,0.935288828848647,-0.512927957768684
"658",-1.43420595641438,-0.573206954285515,-0.191439815124434
"659",-0.651802102081929,1.62025283316708,-0.0601521644400266
"660",-0.588750210141462,1.34746828360307,-0.221967290600188
"661",-0.657253806793319,1.4539598904537,-0.118976594791147
"662",-1.52583921127822,0.358343907772916,0.24893349056112
"663",-0.544373775459221,2.41270893819179,0.146273289754129
"664",-1.8259385876101,-0.455004973957948,0.209305102880685
"665",-0.971046349205026,2.30806939381557,0.493262762058416
"666",-0.653999864212998,1.35357359380544,-0.160425438238034
"667",-0.73326279236344,2.10789709683243,0.200760454198515
"668",-0.6414854595754,2.1567640163771,0.136231205842712
"669",-1.5415808339552,0.676742623009275,0.38531664917311
"670",-1.32320357921228,1.03810304635905,0.325760500078435
"671",-1.16629394573595,1.121649715258,0.215436301276579
"672",-1.6549302788223,-0.118866186502191,0.183054372292232
"673",-1.15539053631317,1.45423560068474,0.33308516197882
"674",-1.65686660964592,0.554087296182616,0.442878253907874
"675",-1.57212525224315,0.987259577028752,0.532107751068295
"676",-0.949148901517162,1.91125326395265,0.321222622300949
"677",-0.64183751972515,2.27911919504706,0.183471911591011
"678",-1.27597871118136,0.0829069006499768,-0.0833889757575359
"679",-1.16107694779106,1.36951277708468,0.305754535459898
"680",-0.0577591744290748,3.32536801125536,0.0547615920663195
"681",-1.47043678618022,-0.3474128238661,-0.0719793397481705
"682",-1.26619015889945,0.802950851864945,0.183855453147651
"683",-0.245266675275237,1.50993261405639,-0.471305025728339
"684",0.697823617728746,5.56581821785255,0.228403893534624
"685",-0.81029600623213,2.08730446828298,0.262755210229174
"686",-0.674819634520405,4.46732524091605,1.05253891297014
"687",-1.25469998256042,0.931611439508415,0.222769804269394
"688",-0.963834343744887,1.86258644317912,0.315883663668044
"689",-0.400154576695368,1.75424277385406,-0.237087200254325
"690",-1.25985830381369,0.663355847903405,0.124578119128025
"691",-0.696770531290158,2.82173568845946,0.441397134235903
"692",-0.818857575599646,3.00181560382096,0.621223680654691
"693",-0.653999864212998,1.35357359380544,-0.160425438238034
"694",-0.354690009413196,1.41082252149481,-0.410033147348803
"695",-0.669858840273223,1.71275736859846,-0.00829537770994441
"696",-0.537103093307456,1.94683345777701,-0.0389792595942927
"697",-0.846201500389163,1.16954057887267,-0.0566159793887111
"698",-1.16377084799608,0.244770934789914,-0.123122089919562
"699",-0.874548156546041,1.74673677225379,0.190448396304481
"700",-0.935082178356369,3.20544075344754,0.804760500718252
"701",-0.507849562235257,2.08495215888074,-0.0125544404123828
"702",-1.12202963682723,0.164877217305545,-0.191631585902754
"703",1.96325175319048,2.70628391739345,-2.01629671262284
"704",-0.343258509765792,1.55987563891661,-0.363245345269009
"705",-0.817566688383895,2.55317994869776,0.448007759577597
"706",-0.838989494929023,0.724057628236221,-0.233995077779084
"707",-1.73694578386938,-0.468891995991641,0.123237090307371
"708",-1.24719459364216,0.384165839980325,0.00602345108877309
"709",-1.21096376387632,0.158371709560911,-0.11343702428749
"710",-0.376763487175934,1.86881624069271,-0.214372654717187
"711",-1.06437600051626,1.76820540734767,0.370910776077664
"712",-1.09987075783192,0.707693809489071,-0.00357457024656996
"713",-1.54075936027245,0.39124720611269,0.275088335760413
"714",-1.42274773222603,0.597049004296035,0.246938946201209
"715",-0.746305287225663,1.48823944226573,-0.0250351312597834
"716",-0.666311514234778,1.51040842305856,-0.0891114759470812
"717",-1.0543794660088,1.38547639828957,0.215070441904802
"718",-0.827616671973243,0.893503275436347,-0.179333824741241
"719",-1.0259741331603,0.787887675130134,-0.0398673847464409
"720",-1.57367757076634,0.496262510105516,0.345226516731739
"721",-0.0739063063376865,1.72371622284218,-0.544796462065092
"722",-0.796490714378781,2.44185923573143,0.386195933232826
"723",-0.62788292233787,1.55129353200078,-0.108298677525336
"724",-0.94777784067858,4.5262261323087,1.3227795789614
"725",-0.955950170135927,2.21398850614081,0.443487563984973
"726",-0.441453098872165,0.649793411952062,-0.623156271181381
"727",-0.534905331176385,2.21351269713865,0.0612940142037143
"728",-1.00442874562218,0.513426723937183,-0.164666818755609
"729",-0.742464577729093,1.18392784783419,-0.145218484287169
"730",-0.97570330477461,0.835078193045859,-0.0673809409512505
"731",-0.676510803358057,0.933112180291883,-0.301241748145919
"732",-1.01231814684088,2.22482287307332,0.498784650377211
"733",-1.03280735392974,2.13221828825637,0.481861967141483
"734",-0.860625511309442,2.06050648014558,0.298142217392034
"735",-0.961604629463136,1.08767031160267,0.0166925272621525
"736",-1.23239179803118,0.392047601197207,-0.00438449219442112
"737",-1.00132410857579,1.49542085778366,0.209095649917502
"738",-1.02577137854448,1.7479129269549,0.32810322162526
"739",-1.32379034612853,1.24202834414233,0.404495009658933
"740",-0.215719760744914,1.54608866626848,-0.484247461336677
"741",-0.280595857735492,4.51383985105848,0.712700013972775
"742",-0.670797667339223,2.0390378450517,0.117679837618852
"743",-1.53987920989807,0.0853592594377773,0.156986571389667
"744",-0.140942985698918,1.32039458523463,-0.638642040207294
"745",-1.57783838826198,-0.118666087731062,0.113186165303523
"746",-0.787225024711766,1.28263774285351,-0.0667539486892883
"747",-1.61477333832732,0.351838400028282,0.327128052176384
"748",-1.52917855509111,-0.542080106960246,-0.0933351742797929
"749",-0.346805835804237,1.76222458445651,-0.282429247031873
"750",-1.62769847980629,-0.30860431409508,0.0855855648019848
"751",-0.350998605450556,2.18889135755801,-0.11500518825619
"752",-0.400623990228369,1.91738301208068,-0.174099592589926
"753",-0.828555499039243,1.21978375188959,-0.0533586094124444
"754",-0.340473980718472,1.62262958049497,-0.341706581051499
"755",-1.27583463325716,1.06332468225307,0.292455081572214
"756",1.01091726745069,2.89362085973279,-1.08040942126809
"757",0.119847648361671,2.39874630469819,-0.461724686577859
"758",-0.345253517281042,2.25322165137975,-0.0955480126953178
"759",-1.10526378585168,0.52100833699737,-0.0702724515557403
"760",-0.411644753034398,1.62558218621059,-0.276001551376068
"761",-0.97362289602679,1.14254249196415,0.0486392347628575
"762",-1.31648771182608,-0.265442507210532,-0.180221949893389
"763",-0.901865356794614,0.935664588465249,-0.0958003044930713
"764",-1.29456353959728,0.358944204086304,0.0393288695949941
"765",-0.81378465557895,2.26926088404455,0.335697857508261
"766",-1.36467813146395,-0.00516872620796763,-0.0366882179744711
"767",-0.544400500000165,1.39150609703204,-0.24531766949172
"768",-0.910160267244948,0.727010233951845,-0.168290048103653
"769",-1.14853581861252,3.19390604081609,0.994002138786495
"770",-1.1671154194187,1.40714513215458,0.325664614689275
"771",-1.63681486393938,-0.231763251711899,0.1233241346041
"772",-1.20152727174417,1.00077083944584,0.201048110365996
"773",-1.05027732520479,2.02079752590448,0.454984244291067
"774",-1.30224495859042,0.967567392949377,0.279695575649765
"775",-0.959054807182316,1.23199437229434,0.0697250953118622
"776",-1.33815045274745,0.0498035035390741,-0.0396756139681207
"777",-1.75937132178186,0.111456901876223,0.366138288687287
"778",-1.68945948453101,-0.484455419654275,0.0741847698850513
"779",-1.68365571966987,-0.440517655610867,0.0857684944878733
"780",-1.09034886446719,2.55090325075543,0.694628072694715
"781",-0.614456415175215,1.00700063695944,-0.329208208019235
"782",-0.712304171741575,2.03736144342276,0.154695529769845
"783",-0.998155567228043,0.39422424975397,-0.216070701817185
"784",-0.747948234591164,2.0592302760589,0.19542149556561
"785",-1.11432149329314,0.577456869602224,-0.0404073327116747
"786",-0.481087176752255,2.05835426951447,-0.0470356402382305
"787",-1.18367328816869,-0.0517589478103053,-0.218779282735787
"788",-1.41257516764369,0.153142405902959,0.0674782591541979
"789",-1.15688417814474,0.942846003983179,0.138330476684214
"790",-0.803590594065409,4.90935533890905,1.33888349915685
"791",-0.972860099035665,0.87743960484589,-0.0537156276917898
"792",-0.989978010160958,0.643663663824029,-0.127834056290505
"793",-1.29890561477753,1.86799140768254,0.621964240490677
"794",-0.539300855438525,1.68015421841538,-0.139252533392301
"795",-1.02383504772085,1.0749594442701,0.0682793400096173
"796",-0.145722522261489,1.95098665611941,-0.392483471851113
"797",-1.03485581052688,0.783158618400005,-0.0336226187765243
"798",-0.591593415880407,1.30510687180304,-0.235632603859649
"799",-0.557298916938194,1.75226622406843,-0.0952691976202692
"800",-0.173573040344423,3.38624545243365,0.183184255423532
"801",-0.53132605298726,0.969568380660668,-0.41898649423732
"802",-0.011766516922277,2.79841499089117,-0.189045413650607
"803",-0.746657347375413,1.61059462093569,0.0222055744885151
"804",-0.906879600123684,1.64782677846334,0.181852067695309
"805",-0.852890643234414,3.49428897360201,0.840957429828962
"806",-0.916993488014394,2.07134084707808,0.353439303784271
"807",-1.1008415370486,2.07556965688039,0.521865055286126
"808",-1.05098144550429,2.26550788324441,0.549465655787664
"809",-0.880293244715556,1.68240647843205,0.17099122074361
"810",0.0177217209164213,2.85496357288158,-0.194114398300895
"811",-0.642098951032594,1.33948647300062,-0.176625243822639
"812",0.00180406816457295,3.23453987745293,-0.0341108868147563
"813",-1.12129879198678,0.941369701125367,0.105477961846499
"814",0.0285345014968949,4.24953735902474,0.330872323563295
"815",-1.06176750154382,1.89213693826101,0.416069893169323
"816",-0.0997885414463153,1.44442616553354,-0.628417026609989
"817",0.0564169717305104,1.77268319177241,-0.644259813915248
"818",-0.387080129682463,1.33230505748269,-0.410756024999926
"819",-0.311220449646273,1.7607482815987,-0.315281761869589
"820",0.104372684601878,1.59397952988316,-0.756299742001967
"821",0.410099795720014,2.51244376499241,-0.681467276844561
"822",-0.603200945602686,1.21723134371622,-0.258800053065293
"823",-0.733524223670884,1.16826437478599,-0.159336701215135
"824",-0.401765571910188,1.28363823670916,-0.416094983632831
"825",-0.448462349716486,2.05530161441328,-0.0778065664193079
"826",-0.363134225397461,2.28454859747614,-0.0673115788393847
"827",-1.37253558053197,0.664632051990088,0.227298840954449
"828",-0.700227228486296,1.96209673328295,0.11487537131109
"829",-1.23781677820163,1.24695749964359,0.328382036700308
"830",-1.58830433630244,0.427203159553652,0.332014107140783
"831",-1.23479754238781,1.22814132210863,0.31842699708562
"832",-0.544373775459221,2.41270893819179,0.146273289754129
"833",-1.01955687684196,1.64910298255002,0.284572789521733
"834",-1.20718695868111,1.93725085700553,0.565308443092924
"835",-1.01243027261439,0.202809720532141,-0.276523817156439
"836",-1.02251743596416,1.64752663030664,0.286654378178372
"837",-1.39346224900315,-0.306427665538316,-0.12610064482078
"838",-0.131565170258389,2.18318624489789,-0.31628345459576
"839",0.272740542266552,2.84778215736366,-0.428245179478181
"840",-0.46106738319639,2.31409909255804,0.0328746506618947
"841",-1.01012038470981,2.49150211243495,0.599057924175218
"842",-1.27383962574191,0.369978669789938,0.0247577489985224
"843",-0.437468311451401,1.32589959912362,-0.367495566879016
"844",-1.39806575549085,0.262986816011478,0.0964375706612529
"845",2.10749946967145,-1.10583624261561,1.71608587462804
